square_footage,bedrooms,age_years,distance_to_city,neighborhood,house_style,condition,price
1811.2583208878787,1,16.793292857491753,13.944690748864982,Waterfront,Victorian,Good,541117.540235374
3366.9286273067737,1,41.25536657113299,26.062269152550897,Rural,Victorian,Good,504465.96965220047
2776.383642890794,1,18.152960609754526,17.186067238222023,Waterfront,Colonial,Excellent,686803.1358887991
2416.377907331999,5,1.7114055410264561,16.657269345564163,Rural,Colonial,Good,476844.2655782208
1221.2503291945786,4,41.53272532826249,1.991445212235587,Rural,Victorian,Poor,201633.43758635
1221.1852049077472,5,17.25960724406378,29.614096430357687,Rural,Ranch,Good,309216.513114328
956.8257528541385,4,38.69172616006701,4.5661534473591745,Suburbs,Victorian,Poor,250175.20867206546
3138.675593592325,5,18.137894733297273,7.702796460401752,Waterfront,Modern,Good,848322.6062454487
2423.0105317066636,5,43.05340099873608,2.499208280004282,Rural,Modern,Excellent,529228.9616668838
2711.7959600493227,3,10.975526254047935,19.560086038270498,Downtown,Colonial,Excellent,583432.3216314291
855.5781345986666,5,48.727363259943495,7.51633413220772,Suburbs,Ranch,Good,232574.7116895636
3418.7566008373847,2,38.98793873940154,6.2203026867089815,Waterfront,Ranch,Poor,621454.9393405074
3047.5951301611385,3,5.711896296019842,3.568111942474,Rural,Modern,Good,671172.0974115627
1373.3155988313456,5,28.288830998328024,3.9959597565964544,Downtown,Victorian,Good,419898.01685046306
1290.9274114591717,1,49.26836561208673,17.955450312835072,Waterfront,Colonial,Good,291085.9338141784
1295.1921766042713,2,23.55327263469072,20.958028110131266,Waterfront,Victorian,Excellent,458558.65925852244
1621.4540559907518,2,9.105356941079162,12.523990665467629,Suburbs,Victorian,Good,368735.8372452951
2216.842365407042,2,24.23891835751731,14.917015366170123,Waterfront,Victorian,Excellent,555313.5540532497
1966.2515503337127,3,25.62288279409608,20.893064343506538,Suburbs,Ranch,Fair,350010.4909471834
1586.3186785347132,5,37.084347211433276,1.5040139153789096,Rural,Modern,Good,351790.46432089736
2452.0028157504244,5,34.94229265804522,10.370789055038077,Suburbs,Ranch,Good,525061.8517702217
1176.6334237605129,1,20.127502179849028,29.219834694040046,Downtown,Modern,Good,271720.4933346749
1588.790551045089,1,10.901155374704324,17.823254661168573,Suburbs,Colonial,Good,270826.29433125653
1789.1769768929676,2,32.25270838846647,8.372512817027305,Downtown,Colonial,Poor,329939.69180170645
2031.388957385997,1,21.08519672766409,16.13017135245018,Suburbs,Victorian,Good,423485.2711941154
2919.975095761137,3,6.61381055626652,10.936951155506545,Waterfront,Modern,Excellent,811702.041695576
1339.1192118275712,5,45.02861506181928,16.435104675962673,Rural,Modern,Fair,271665.8085930847
2188.4329837167516,2,34.56109288048272,4.646503842392816,Downtown,Modern,Good,493423.8716358365
2399.5193359275145,1,34.15919282227407,4.848724960759045,Suburbs,Victorian,Excellent,543455.1752901
925.4161143439939,3,41.129193795583696,5.162728499142393,Suburbs,Victorian,Poor,234869.99925739685
2440.3711001338834,3,26.483083932754052,28.25477396587841,Suburbs,Colonial,Fair,357152.31140327296
1260.4151339556872,1,40.75272142012285,22.254068631898914,Waterfront,Ranch,Poor,250364.43719762226
975.6393010602546,5,24.904537675550287,5.7090749452073055,Waterfront,Modern,Good,466176.3941590451
3361.9909505839996,1,3.3587699957855044,6.462123429202442,Downtown,Modern,Good,749806.1797920626
3407.2064893013103,2,20.262404401384437,22.194054771255413,Downtown,Ranch,Good,627826.2865254382
2982.672839914445,1,24.87324469899453,5.528751498973044,Waterfront,Modern,Good,714031.8489300694
1622.457176768101,3,36.01012908161479,7.802277506710031,Downtown,Victorian,Fair,402195.95173910615
1063.7147078172366,1,5.328936506433718,28.93705815179157,Rural,Victorian,Good,193672.56571630936
2647.4291715828235,5,7.00092693302245,8.403889217124524,Rural,Modern,Fair,585022.0482778298
1988.4117330969236,4,13.184190131730823,20.187338160763257,Waterfront,Victorian,Fair,565565.3471647246
1129.5032340809028,1,13.32491966854411,29.38030733461538,Downtown,Victorian,Good,348658.77357586706
2136.9776573004297,5,36.60922892295312,11.854606247053987,Suburbs,Modern,Good,432463.35228387546
892.8490070110897,5,12.536533028079887,1.5079637349998047,Rural,Colonial,Fair,253843.34407704772
3255.1650856127117,3,31.654903167872376,8.080271422248854,Waterfront,Ranch,Good,656771.1250088078
1498.7059503200458,5,24.71369250691357,25.09543854890946,Downtown,Victorian,Fair,292040.28119426663
2588.8101677557515,5,28.664718908970034,26.073656242696064,Waterfront,Colonial,Good,602093.9100455587
1641.6199054414096,5,41.90534815891479,23.287061571189945,Suburbs,Victorian,Good,345596.55099930114
2204.183657180089,5,20.219075077451215,4.280184753220618,Rural,Victorian,Good,511344.3727155715
2276.117754226855,2,38.545568853213524,24.069800779195692,Waterfront,Ranch,Poor,436700.95379263355
1299.107029918923,2,21.10180297753437,27.641656112811624,Waterfront,Victorian,Good,437174.35893757246
3417.878494964308,3,17.69356882806247,18.417676733840846,Waterfront,Ranch,Fair,698659.2191461723
2892.8586230750093,1,47.931358865661025,28.28538533380388,Suburbs,Ranch,Good,515910.5882480904
3336.6471422233108,5,9.218546033948162,24.978327627644447,Waterfront,Ranch,Fair,721317.2920322234
3216.0338461546517,1,4.516848028880394,20.34217399273631,Suburbs,Colonial,Fair,602619.2302242445
2414.32994278993,1,38.54929627677392,17.738371864640698,Suburbs,Modern,Good,386850.64925529214
3289.0604345624156,3,3.412485267704579,11.108636350017143,Suburbs,Colonial,Good,698700.3714854205
1038.9297555401827,5,41.85394953515147,5.619335912041349,Rural,Modern,Fair,254850.7418307336
1329.153728531692,5,21.859669817862176,18.543663758025684,Rural,Modern,Good,286572.31058713427
922.1136800584528,4,45.7756838645957,10.225235054925465,Waterfront,Ranch,Fair,318706.33239164384
1678.3918930608138,1,36.07664305609528,26.12672135830172,Waterfront,Victorian,Excellent,447136.66763249686
1849.4286821616015,1,30.52023335039788,29.806771183400226,Rural,Ranch,Fair,239355.11952668807
1532.642385789519,2,47.465339852888285,22.820405115851603,Downtown,Victorian,Fair,316836.75654162886
3037.5912747102093,4,19.832468652602714,3.6239691633244715,Rural,Modern,Poor,520427.34290850465
1763.233982072691,2,47.704346826981656,9.371882270388506,Suburbs,Ranch,Excellent,401408.32631942956
1558.523176155928,2,6.750063871060346,4.164179321206742,Rural,Victorian,Good,387980.19524426974
2265.2794245272707,2,24.187747096620637,19.864837785959757,Suburbs,Colonial,Good,462407.14136876824
1180.4954074318591,3,13.495561119609745,23.190535072117754,Waterfront,Victorian,Good,419357.13678927004
2965.931848035907,3,26.99213894540967,27.844570095540643,Downtown,Ranch,Good,538259.5222520021
1001.2867379353812,2,8.10069389457923,13.706998045947643,Waterfront,Colonial,Excellent,433682.2499839744
3464.5947288213965,4,42.07648301550217,27.139893838064886,Suburbs,Victorian,Fair,567172.3829694062
2885.060877100975,1,42.32039246572786,26.4588436121985,Suburbs,Victorian,Good,453858.27175234293
1336.5323401422654,4,47.76181563617395,10.19867578619656,Suburbs,Victorian,Excellent,349471.05046174367
814.9097162337265,5,7.733607044161811,26.19811814067656,Downtown,Victorian,Fair,256368.62288929193
3001.745856828052,3,31.166627545249536,11.894495304570068,Rural,Victorian,Good,534205.7848262927
2708.514828388566,1,23.71186543501848,9.609208962248143,Waterfront,Colonial,Excellent,675315.1683014309
2768.319353710666,1,17.21918660221166,19.8231651050374,Waterfront,Modern,Poor,582219.4093198801
2882.4299360520536,5,17.57700805671094,10.52305560866735,Rural,Colonial,Poor,520913.2663498039
999.920559682044,5,20.639677530337615,19.27605370154518,Waterfront,Colonial,Good,390317.6837574036
1767.8574670695361,2,35.24627748444765,18.68512235946214,Downtown,Colonial,Excellent,365685.1580814493
1112.8464607178503,3,29.91430291340773,17.339728893105306,Waterfront,Modern,Fair,397997.42322824366
3130.3792498641023,3,22.984075638056556,12.032171422751134,Suburbs,Ranch,Good,572283.5277042468
2482.904942434406,4,3.7966705184811045,16.906491927892827,Rural,Modern,Good,537121.9058816142
1693.4246671021529,2,3.888267203947854,18.298078774577228,Downtown,Colonial,Good,458470.09075821907
971.6075457722638,2,0.11696953128891296,16.82491976636873,Rural,Victorian,Good,240206.31971251013
1639.652268632288,2,48.38496941035432,13.888164129784844,Downtown,Victorian,Good,372455.7227087116
1677.994969472217,2,0.26269092791924575,1.4253446543416506,Suburbs,Colonial,Good,435682.27910089534
2769.936681512773,3,5.154687300687244,18.02478952333338,Rural,Victorian,Fair,527134.5305186544
2521.4051726590756,3,15.729827840470545,5.88488716913887,Waterfront,Colonial,Poor,599751.0596749643
3195.474404956082,2,40.37151259083806,19.6347030994685,Downtown,Victorian,Good,607589.1963907975
2074.980297937263,4,48.104939288205884,23.020985509763115,Rural,Modern,Fair,325162.9701874764
1122.9044640334146,1,39.500677939592805,15.512913964791503,Waterfront,Ranch,Fair,302096.74695223087
2725.7609255020866,1,34.52801162228203,16.72854628441241,Rural,Ranch,Good,464692.1536418486
2854.119631265623,4,26.06503337067847,28.592878230313744,Rural,Modern,Good,519390.54506835423
2315.44843343764,2,4.33526059310918,25.56785347980465,Rural,Modern,Fair,413925.49995732284
2881.6113858773147,3,47.908539650196516,27.512858962592627,Downtown,Colonial,Good,510531.159423466
2133.248110183855,1,37.919620697284074,24.599222361268005,Waterfront,Colonial,Fair,416512.1186602944
2211.378639331384,5,31.947469266713092,4.158631913555212,Suburbs,Colonial,Good,450204.6789080818
1954.360749568084,5,37.95179227694249,5.320763823135646,Downtown,Victorian,Poor,443468.1604238451
868.631642209057,4,36.20516646365693,16.272090120799827,Downtown,Colonial,Excellent,268665.27077873226
1091.306852881922,2,31.861578989474342,8.136020105141949,Downtown,Modern,Excellent,406799.22903016716
884.8588013541824,1,49.02884000899941,14.824168776193616,Suburbs,Ranch,Fair,101284.35212435068
2518.308110412207,2,45.168190631801245,12.436594390732155,Waterfront,Victorian,Good,581206.2962516225
1648.761148906082,1,32.33324595585817,16.933012914483147,Waterfront,Colonial,Good,428566.45886672364
2173.1408661446976,4,34.658760572846234,22.659395767938857,Waterfront,Victorian,Good,622292.5218505028
3250.429479600451,4,2.5797903329354996,21.74923630587896,Rural,Victorian,Good,649439.6312101674
1473.0890187019625,5,33.49587322750196,16.115789842074697,Rural,Colonial,Excellent,381568.2011163364
1908.0338921962002,2,2.2082718855050087,24.849409145694683,Rural,Victorian,Poor,373392.7471821537
2839.9880740662315,5,29.413187848496552,13.495000654602967,Suburbs,Ranch,Good,576364.510959116
1417.7550468273807,2,49.96767497829174,27.004714405363547,Rural,Modern,Fair,200284.45785944903
1007.8457565377411,5,27.79032907185898,3.067127831599753,Suburbs,Modern,Fair,299393.18857735745
1582.3289228671736,3,23.66050590406667,28.685140870965917,Waterfront,Ranch,Poor,345474.0060370331
1235.297475585812,3,15.642742825279377,19.986099361509098,Rural,Victorian,Excellent,307358.2057137098
3310.1836613249475,3,6.026128939323222,12.022160759178954,Rural,Colonial,Fair,561377.0435388272
2981.925024823926,3,36.551183572914084,6.717469670613443,Downtown,Victorian,Good,685153.8788516944
2510.1901425781434,1,9.629951389281521,14.896313653864398,Suburbs,Ranch,Fair,451018.322922565
3152.9435935068377,3,5.764101062364219,6.642191372373729,Waterfront,Victorian,Fair,720209.7754526928
2969.9146076276093,4,21.088132986525626,5.823616624551122,Downtown,Modern,Fair,697076.0789381758
1303.7391589922968,4,39.76709189795487,18.903200964976254,Downtown,Victorian,Good,377975.3514451295
3209.90929592294,1,37.25322740601102,16.169457012871757,Waterfront,Ranch,Fair,633701.1733158156
2256.224053172257,3,2.7441307323237463,20.43278500371731,Downtown,Modern,Good,506463.08540696726
2980.088418942969,3,22.757184251807804,27.958570445237687,Suburbs,Victorian,Fair,571083.3117337613
3219.4465097934317,3,26.121728803558447,16.435546186832166,Suburbs,Victorian,Poor,529611.4380385848
1658.6093824240324,5,32.22733253129111,17.847029544621133,Rural,Modern,Good,399134.2968509419
1097.1401962247273,2,32.50836752216141,3.5991638354933215,Downtown,Colonial,Poor,324470.79660141724
1415.4249388632425,5,18.23486247286529,21.811437791350258,Rural,Modern,Excellent,460069.6849554236
1953.191029290892,2,28.0338597001757,12.597250997320529,Downtown,Colonial,Excellent,439792.31823714013
3008.6398679907315,3,24.053094192204323,29.325031921214787,Suburbs,Ranch,Excellent,516879.17594048864
3123.9725747921275,3,44.24991782616405,24.872046452274148,Suburbs,Ranch,Good,553390.3091751063
818.770752434215,5,26.51325663174501,16.151950174967432,Suburbs,Modern,Fair,270594.92342456
2179.0177169594276,5,22.05160808740808,4.573456970992815,Downtown,Modern,Excellent,619002.6272170572
1927.0097085017032,2,20.224272484092538,25.923058005137086,Suburbs,Ranch,Excellent,419470.29369983054
1399.6910882709717,4,28.621387971673286,24.19365176729663,Downtown,Colonial,Poor,265243.54467162606
1123.6364918009435,2,40.19884897004488,6.352968756573957,Rural,Ranch,Fair,200128.59367179225
1711.5609627897954,5,26.920074519039378,9.563070387388992,Downtown,Modern,Fair,461214.2384527856
3345.856200563802,5,33.082758754027076,24.00881048628728,Rural,Ranch,Fair,540358.1189674994
1672.6479164560392,1,36.89278834532625,6.37162494987488,Downtown,Modern,Fair,356160.75525403704
2200.7346787070883,5,26.008405493936593,27.614822185969942,Rural,Modern,Excellent,522982.7846542593
2698.15118901698,1,21.340852832743217,13.311295330694495,Suburbs,Ranch,Good,518035.78781695024
1781.7999264240937,4,43.83326889312247,3.5241299150421006,Rural,Colonial,Fair,328419.98251435
3423.811623346594,2,20.875304201394606,24.656710661624146,Suburbs,Victorian,Good,584320.9053039678
3398.6076963437004,2,23.09714252877938,11.83178080811324,Suburbs,Ranch,Fair,629090.499468984
1479.8121987284833,1,49.51706566708886,16.26847663045965,Rural,Victorian,Excellent,278720.7856027278
2142.570965909441,2,0.011876178794228975,4.256825987925356,Downtown,Ranch,Good,560432.8804379469
1612.371436505278,5,9.273645478836123,1.074936430504489,Downtown,Victorian,Good,515398.88131420774
1569.0693348191626,3,19.198194495986286,19.50157096800563,Waterfront,Colonial,Fair,421285.9702673478
899.5947578572385,1,46.62949547126264,15.940079939678217,Downtown,Colonial,Good,217773.80348060798
2445.8237017457213,2,3.5014852873735514,18.212618504571267,Waterfront,Ranch,Fair,480634.8012132947
2157.233362717926,1,0.4742716814249037,24.018571661034972,Downtown,Modern,Excellent,573054.1898013791
938.9926283749712,1,2.6341917988614294,19.751571489262943,Downtown,Victorian,Excellent,420286.0400423966
1552.3454534388509,3,4.4271705306809075,6.068429841993938,Suburbs,Modern,Fair,436985.5951982427
3252.3178921099648,5,1.8798386603130435,11.462403054207394,Waterfront,Modern,Fair,775969.5498665542
1446.8171048008255,1,23.98906634282524,27.27084203884505,Downtown,Modern,Excellent,411730.75390255474
1191.2161546463024,2,29.037860361366384,23.32839630729869,Waterfront,Colonial,Fair,342405.92945751664
2121.52245274942,4,13.584348553450203,17.1424746801648,Suburbs,Ranch,Good,475006.2422507298
3461.256226098622,1,19.914369198781777,8.413704936468896,Suburbs,Ranch,Good,626894.7675149217
1453.5492330810512,1,4.584966755571507,9.759754553209056,Waterfront,Colonial,Excellent,497318.7110166696
2614.765977995872,3,16.818523191421104,22.2267839599834,Suburbs,Colonial,Fair,449508.20577558415
2856.3729613875375,5,26.125959581726153,25.684053564730355,Rural,Ranch,Fair,475085.1713808237
1441.621368779479,4,36.613590359232255,20.471315416387817,Rural,Modern,Good,269388.3584975051
2766.1841412520207,2,0.16731810214896115,24.476369297284812,Suburbs,Victorian,Fair,510007.68226598867
1793.0144583419838,4,23.36553832688263,23.233027920811775,Rural,Victorian,Good,410390.3030254254
2507.2257426026645,2,14.85014382274411,5.341415070751774,Downtown,Victorian,Good,639385.1865299714
2510.5302190544157,5,42.64109108459507,13.294399574485757,Waterfront,Modern,Good,602069.7393314651
2246.591647001848,2,35.77766576171209,5.436530224028317,Downtown,Ranch,Good,445181.4165168598
1043.7823791469025,3,29.455426723544743,7.821831959257559,Waterfront,Colonial,Excellent,421072.39016133506
3055.3167380909426,3,13.863282284838679,26.208529114880523,Suburbs,Ranch,Good,583723.044312753
1666.1061754236869,3,45.516955102876715,14.713867003362282,Downtown,Modern,Fair,314916.1844761231
1303.5999780796064,3,2.255033861016159,16.525384953437165,Suburbs,Colonial,Good,344809.5150820728
910.0928821978625,4,5.473379933955758,6.174932991605392,Suburbs,Modern,Good,362816.9987895623
2395.4109466082527,5,19.581507027017803,10.055881795415084,Waterfront,Victorian,Excellent,744759.922779514
2629.4237769741626,2,6.221877864842817,7.677138884408228,Waterfront,Victorian,Good,638631.1399441365
844.7871381052116,2,47.82078487797125,6.979398771034366,Waterfront,Modern,Good,362914.5231115448
2182.6512574080584,3,39.89946610716917,19.500863006163133,Downtown,Colonial,Fair,382287.88425792323
1411.5385930344326,3,12.949132580090684,8.449631581725729,Rural,Colonial,Good,369577.5968381249
2541.9665341055147,1,29.42771144866227,19.328449094592134,Waterfront,Ranch,Fair,527383.7893253239
1270.789358313477,5,49.11652575400408,2.6951838091480633,Waterfront,Victorian,Fair,401725.33103383717
2665.5318928766583,4,44.20994890657515,5.111457412285954,Downtown,Ranch,Good,581677.107181363
1844.185435011451,2,30.039922322109902,8.961667366003637,Waterfront,Ranch,Fair,437998.1029102297
3329.170969589183,1,45.18619835876353,18.31436058997506,Downtown,Modern,Good,649040.0582881179
1171.3065491941818,1,49.459245490667946,20.599396107533902,Suburbs,Modern,Fair,192866.99334862235
1720.879147835698,2,37.167641144681205,13.838792036606286,Waterfront,Ranch,Good,473920.21113923634
1106.3785073495906,4,3.2493204741447013,13.92793652273964,Waterfront,Victorian,Good,490756.7842397477
3296.6727693521193,1,20.079011821274374,22.010988690559923,Suburbs,Modern,Good,711124.6581093322
3168.816254128649,1,41.891286764162274,1.4588116612018909,Suburbs,Ranch,Good,560576.549444887
1496.4423948309202,5,11.52845979025095,10.891610709752396,Suburbs,Ranch,Good,415220.47626352235
2581.9569242922835,4,41.53212588753123,24.74250465645775,Waterfront,Ranch,Good,545619.030647929
3006.4999405432827,1,6.016938101749797,18.493362896187794,Rural,Ranch,Excellent,558541.5864120728
2299.0421913185482,4,2.3472678573906505,10.77958684990719,Rural,Ranch,Poor,336767.97840879613
2230.0565615612177,2,19.20453057456248,27.26021897756054,Rural,Ranch,Fair,338286.286648607
1453.0011854312195,3,1.8365968713306813,23.406059096032095,Waterfront,Modern,Good,549345.0331724077
1051.3774730759278,1,47.86351314916628,8.68196796986527,Suburbs,Victorian,Good,252832.59089144145
3222.4825464739824,5,41.310284789698294,19.71340528824579,Waterfront,Ranch,Fair,607195.752787642
3231.128754340992,2,40.038484356493754,18.276771117479743,Suburbs,Colonial,Fair,475708.4165044521
2509.3739346378234,4,31.488896149807655,12.634449507130498,Waterfront,Modern,Fair,542619.1855599786
1715.380435831492,2,10.816201151827675,11.64172629693922,Waterfront,Modern,Good,580117.2043862134
1742.8658514541844,1,25.91301833381961,10.963253768495415,Suburbs,Ranch,Good,321518.6809637148
2760.080332949646,4,29.86370362151705,18.897517718473757,Rural,Modern,Excellent,566730.8318376247
3222.197701871958,3,26.25157504301341,13.829888157939415,Suburbs,Ranch,Good,589724.713551132
3195.133345515817,2,13.011668397576365,25.12403028429124,Downtown,Victorian,Fair,642506.385249094
2905.6639738155845,1,25.762396215736295,20.418475867884894,Downtown,Victorian,Fair,530627.8155761826
2533.485444616577,5,24.559317043431328,3.02801656557359,Suburbs,Modern,Good,631086.9205120833
1027.1779054866317,4,49.81678879033621,19.564878491016817,Waterfront,Modern,Fair,352142.3856937018
1236.397528055457,2,44.871807402310196,8.863275658505358,Downtown,Colonial,Good,339908.5300270241
3226.096309023114,2,23.169037410780994,18.19154775794926,Downtown,Modern,Good,655828.0174229685
2437.358461080893,3,31.146869146755936,20.72382600200009,Waterfront,Colonial,Good,612227.0127777574
824.8320393649001,3,37.393580204611425,7.69404648546635,Waterfront,Victorian,Poor,241285.64134713364
1073.9731657382868,5,1.7432580116912455,14.24890070153069,Rural,Victorian,Excellent,405586.9616728056
2591.4547765917505,5,44.74607206139199,6.519421021752966,Waterfront,Ranch,Poor,528669.2210407957
813.6662763847904,1,43.00634082089619,2.517827397808741,Suburbs,Victorian,Fair,178701.29103910137
1234.1817388272464,1,22.871604888685365,11.975816281090204,Suburbs,Colonial,Excellent,335539.03021047666
2281.5812312897824,5,19.55848830401899,11.525383883533767,Rural,Modern,Good,530386.1179302604
2668.117033770272,5,13.647968742815747,29.868934230423456,Downtown,Ranch,Fair,536507.6552993412
2560.295400657021,4,23.83384141651842,13.944218184731623,Downtown,Colonial,Good,512959.2343881643
1405.5271355435113,3,2.2188331766618385,10.673516934693811,Waterfront,Modern,Poor,512841.76011249877
2722.8838976383468,1,42.609676667350385,17.833775194783563,Suburbs,Ranch,Poor,347692.4921798703
1440.5725362413602,3,1.7711184209272535,3.5742544291252853,Downtown,Victorian,Good,453802.26760021766
1678.579185030023,3,16.45256826849355,28.88830634268958,Rural,Colonial,Good,316353.7243344524
2815.5267938186653,5,46.5794744159495,19.413841322139962,Rural,Modern,Poor,437326.9110316437
2554.0088274274794,4,36.76063272617264,22.890296778284586,Suburbs,Ranch,Fair,430156.9935437977
3092.9032083342804,2,14.069548028876339,5.943860207043609,Rural,Ranch,Excellent,543266.7836722748
2575.554809210927,4,12.632454698044254,12.874857737150913,Rural,Victorian,Excellent,580973.4722596748
2334.4332290057732,4,0.2541069909012983,13.257984288489496,Suburbs,Modern,Good,586417.7738889614
1052.9218731358496,3,34.785714642487505,24.83238687313152,Waterfront,Victorian,Poor,273573.9349330794
1792.8326682604704,4,2.4391790836586544,1.0358637130228738,Waterfront,Victorian,Fair,518716.672139741
1516.0463927406588,1,26.630125970038105,9.724740142244396,Rural,Modern,Fair,283588.2386998413
1458.7720371235257,3,48.10609862960249,29.455854855984814,Waterfront,Modern,Excellent,438114.827947411
3427.128497831603,1,5.473443002722695,14.77170976168034,Waterfront,Modern,Good,782790.3896743391
1861.363856600253,2,44.72399654840337,12.093262127076239,Rural,Colonial,Fair,208391.56507902755
3208.525698978206,3,49.57376675725241,4.475041058511744,Waterfront,Modern,Good,781548.2183761983
2504.0742901926096,2,3.0758513119617525,29.25077423021245,Rural,Ranch,Good,412541.2723759994
2945.9905195624506,3,44.14531345687306,1.5807643218489096,Downtown,Victorian,Excellent,657199.5181673877
2157.1201513840188,5,25.803951022180833,22.37822652521005,Suburbs,Colonial,Fair,327541.2114510623
2357.6404884911694,4,45.325685972229,23.289394338866746,Suburbs,Modern,Poor,440972.1787735634
2129.7977733109324,5,28.565947095978707,8.066044765852132,Waterfront,Colonial,Good,569143.1395551043
1327.15606705472,2,33.10560050532823,20.475194864778082,Waterfront,Modern,Good,424390.5089654434
2750.6207112060642,4,27.18894539986996,3.694945187002308,Waterfront,Colonial,Fair,670752.5036646622
1558.0853785903107,3,43.224644015367424,8.454370726530316,Suburbs,Victorian,Poor,266611.280436722
865.6531093649254,4,36.69549594768509,23.849157660475683,Downtown,Victorian,Excellent,343806.85114953795
2542.775198949353,1,26.063015609020745,26.075899568972666,Downtown,Ranch,Good,404222.78623920924
1278.1988343990322,4,43.40804020257735,18.64610596713395,Suburbs,Ranch,Good,285505.0265804377
3339.2381777528685,1,12.264276612766729,15.698314522793996,Downtown,Modern,Fair,701429.4948646046
3375.607157906986,4,7.867032985126299,5.619816597950429,Suburbs,Victorian,Good,706335.0525054032
3270.133853595211,1,8.020005266503604,2.8301619592953546,Downtown,Colonial,Excellent,754556.0302373404
1799.4284906896999,2,16.700443937261895,4.4118218257332,Rural,Colonial,Fair,388295.5998175451
841.732864627942,5,11.934501565050876,7.593361702786865,Rural,Colonial,Fair,226965.58631410837
3306.4601189868586,3,46.50451752548693,10.908560555010704,Suburbs,Ranch,Excellent,605108.452556527
1956.0972004567486,4,5.291704691429199,12.04637623981863,Downtown,Colonial,Fair,439743.2295912289
3409.9680114179077,5,34.949536901979386,11.043331289081102,Waterfront,Ranch,Good,738174.2293859301
3401.773938140983,3,9.461076989250294,7.932604633720702,Downtown,Ranch,Good,688085.326133306
3103.1255297618723,3,44.08185663851751,15.782003155799247,Rural,Modern,Good,517985.7737670312
1595.0120085878814,1,48.06576440924537,24.933297138754007,Rural,Colonial,Fair,199285.43995477015
1839.7638672251983,2,23.273500438499177,9.111402615672898,Downtown,Colonial,Good,408385.59060111496
3098.0690130955136,2,43.95357401140658,28.32922355396476,Downtown,Victorian,Fair,519571.19072120835
1655.6894139219496,5,0.25725853773573837,26.32676318999159,Waterfront,Modern,Fair,525005.6084993334
1257.6304160524496,2,40.997345870405006,5.691162129211179,Waterfront,Victorian,Fair,424519.22115655756
2303.3634086375455,4,11.431258076246175,23.80200274595574,Downtown,Modern,Fair,506141.29994362185
3327.6178902341085,2,45.43506546346839,17.663034087215234,Downtown,Colonial,Fair,556717.8917461635
2679.2804510224273,5,0.056005574005474346,17.430685502971137,Downtown,Ranch,Excellent,688220.091064723
2339.1651592412854,2,27.80908675198785,12.340240128687059,Downtown,Ranch,Good,532928.3682157734
1062.376533181075,4,37.83179018924673,15.533436976278281,Suburbs,Ranch,Poor,171559.98831847496
2460.5195120877584,1,12.934416534895398,12.51818454544712,Downtown,Ranch,Excellent,542117.7660450601
3473.145395281511,5,9.656643229364652,16.65224594403834,Waterfront,Ranch,Fair,724848.3533825807
1178.2268411386149,1,4.2049112233992325,19.210551530406438,Rural,Victorian,Poor,272781.5377582217
2199.490061382089,1,16.32167882516465,20.554810385862403,Suburbs,Modern,Excellent,542149.8935448085
3168.9072942054795,1,27.992215615441474,16.44195458422336,Downtown,Colonial,Fair,543759.7573179076
2800.075267936352,3,5.792192839012883,21.92123995253322,Rural,Victorian,Good,595606.3591886389
2681.9425006872234,3,18.83476809933994,5.097063428989668,Suburbs,Modern,Good,601274.7467864648
2696.707026765195,1,0.4536202326362482,7.147492236164918,Rural,Ranch,Excellent,578888.6509840179
1770.626108293339,5,40.93397102499209,24.743315118153834,Downtown,Modern,Excellent,474801.18589123676
1592.6979795141322,4,6.422435904659568,10.35331135754604,Downtown,Modern,Fair,476934.0545976768
2985.275119791987,4,14.16714741327908,1.663920924307487,Waterfront,Ranch,Fair,713218.0536453238
2987.306165633788,2,0.9213859369108734,5.459943340372901,Downtown,Ranch,Fair,607123.7617488282
3141.09526016628,5,21.612039194625616,7.484818600393026,Downtown,Ranch,Good,713260.7109770722
3265.7494919024725,3,42.00607513706094,28.762363748943027,Suburbs,Colonial,Excellent,586041.754794937
2180.6244769245322,1,19.60756057225983,17.618201438994628,Waterfront,Ranch,Fair,510854.7838822207
2154.093995655439,2,8.97486617119167,28.04919147381139,Suburbs,Colonial,Good,420623.6081494787
2955.396983210293,4,37.68494170252596,17.679737164402123,Rural,Ranch,Poor,397703.3561299717
2554.902613099966,3,39.440349093537215,14.901278763997702,Downtown,Colonial,Fair,515932.4394826584
2695.310568595799,3,8.68767376537834,10.098103044628786,Rural,Modern,Fair,523750.2416177039
2948.640207477473,1,38.54270542704949,18.58475738856789,Suburbs,Victorian,Poor,455378.3589588707
3203.014422907429,4,47.3648944128169,5.036742713908366,Downtown,Modern,Excellent,739673.5872334235
1712.5869234991467,5,8.318879346613617,27.049587191488474,Downtown,Modern,Fair,454824.1697437079
1814.0739721278487,3,38.549214626606776,25.05063974909723,Suburbs,Ranch,Good,352323.25795558025
1053.7512375703463,1,35.428600230131465,10.208411988425373,Suburbs,Colonial,Poor,193781.5868795078
2361.3563806896695,5,23.678694421754425,28.631128300437535,Suburbs,Victorian,Good,479207.67826721154
897.0441392512037,4,2.896023027939915,24.930822255051474,Suburbs,Ranch,Fair,282736.12832531566
2057.114648957642,3,3.734720887892701,20.32289968921615,Suburbs,Ranch,Fair,397121.9498753745
2265.140513710457,5,42.62073295993238,4.531095422632969,Downtown,Ranch,Excellent,566038.7963352286
1573.661380746368,5,49.50741863753235,14.868786668394096,Suburbs,Modern,Good,365797.6643235812
2395.249803536329,5,33.80261285933772,15.677119090555774,Downtown,Colonial,Fair,459446.68186058296
882.3506748354334,3,22.297915350516075,7.743989392596023,Downtown,Colonial,Good,340850.5350102207
900.8401096228789,3,32.37868217009538,3.3189964364197566,Suburbs,Victorian,Good,389068.5697167631
3021.0215137810774,2,29.719792961427267,23.524985283679086,Suburbs,Colonial,Good,502285.8886436603
1772.5147318104098,4,19.18061302028109,4.539016511607456,Waterfront,Colonial,Excellent,620358.5814365193
1143.0633841600888,1,3.2813072287006473,18.23443176629147,Downtown,Ranch,Fair,275416.2584867318
2210.0568021479717,5,41.075647370372046,28.157026042626157,Suburbs,Ranch,Good,399571.59814789303
2878.982593366249,2,18.59167646193623,26.407050585343235,Suburbs,Modern,Excellent,648170.3974919855
1382.7167742414765,1,40.939282167854685,9.054826088728573,Suburbs,Ranch,Good,241158.4149820672
2481.8042847113006,2,12.62543748441911,25.692010488986693,Waterfront,Ranch,Good,529798.964212203
1030.4381554831737,3,0.05147399228166982,1.0096426774941927,Waterfront,Ranch,Good,463817.8878425356
939.5406471552408,5,7.9469141638378265,1.5129464787844595,Rural,Ranch,Good,335408.1101473873
2234.6575052339995,1,23.426970838429217,18.47404175144308,Downtown,Modern,Good,511832.55600433866
2259.7148283472875,1,47.21518174789149,11.579148355191355,Rural,Ranch,Good,355609.790961526
2521.060734045158,1,5.10968098468595,12.207364393615267,Suburbs,Victorian,Fair,497341.6144019033
2760.446601051186,1,42.7104887230783,17.368791629687593,Waterfront,Victorian,Good,615135.838631976
3434.8006145488434,1,26.351204810593103,6.561691212163957,Waterfront,Victorian,Fair,630422.4356632993
2194.010940413227,2,41.29603828999483,7.140905169298872,Rural,Victorian,Good,382562.6898214655
1671.9824769413642,5,14.918721549499631,15.053446023547076,Waterfront,Ranch,Good,517991.2180930607
2947.0027258755,3,41.99735823362359,22.873352785972028,Suburbs,Victorian,Fair,505571.6780292371
1531.2470784076004,3,38.64113900084023,18.96543479082004,Waterfront,Ranch,Good,455201.4335890565
1985.2228359052174,3,11.502684151571696,9.623296398868328,Rural,Modern,Fair,394355.17664102005
1011.8322296241181,3,6.566756320468903,13.479778147758715,Suburbs,Victorian,Fair,336914.34612550074
868.4470072217352,2,43.40271612661464,5.949277997949954,Rural,Colonial,Good,162036.93476014023
3399.150719630398,4,48.1618326720066,3.1642646157753695,Waterfront,Victorian,Fair,720158.8552637998
3057.1463253829556,5,1.565115687375812,23.698185181580328,Rural,Victorian,Fair,586790.137451879
2679.1303564529844,1,36.56350334868428,8.696234866457644,Rural,Ranch,Good,431556.75979200297
1904.1729499185287,4,45.47622554739092,6.155225247686198,Downtown,Victorian,Good,499511.34384992835
1267.8946641912835,3,42.86800460462493,21.05692361151026,Waterfront,Colonial,Good,344139.2952315176
1222.3800152119322,4,48.22602361351043,18.923498554328393,Waterfront,Ranch,Fair,308448.40965337376
1475.6558250444075,5,38.004703921904856,19.36249915439046,Rural,Ranch,Fair,273810.86707596004
2282.911994706525,1,22.11493811904551,7.637943540551795,Downtown,Modern,Poor,447399.36069820257
2729.408991290168,1,15.597599524756522,7.746720618317749,Waterfront,Modern,Fair,657443.8606485586
2582.5329171378744,5,16.03713702190637,7.403276263783535,Suburbs,Victorian,Good,548281.354704703
1555.8215217540458,5,36.22113363070585,6.038825274206541,Rural,Modern,Excellent,482403.66574091127
3378.136257790624,3,37.29185060154821,20.015986504288033,Waterfront,Modern,Fair,733285.3360397363
2792.321675078575,1,10.017957177435633,25.59246067223264,Suburbs,Modern,Good,629538.1708776398
2296.755941780782,4,43.40614067452655,22.005206620623177,Waterfront,Ranch,Poor,491836.4019995862
2451.646014832751,2,35.746202010112384,23.970715379055754,Suburbs,Ranch,Good,380452.84517950617
1932.9201685550327,2,28.13751431716913,12.739154443470795,Rural,Ranch,Good,365505.029123322
1468.8736716531253,5,23.576623005125636,19.968198065787945,Waterfront,Modern,Fair,440732.9476736995
1761.1262323584062,3,27.161640289497907,11.27285097289846,Waterfront,Ranch,Fair,498368.22656766267
2846.1844982537964,2,7.962286913963224,16.23963403709056,Downtown,Modern,Good,609249.9901595442
838.8624193003409,1,10.18506246381371,14.967410549511008,Rural,Ranch,Fair,121082.35979169677
1113.3961293686739,5,4.558224520309584,6.129727209171778,Suburbs,Ranch,Good,326209.445126266
924.2071334587324,4,7.6829019080556336,12.225284049733293,Waterfront,Colonial,Fair,361938.01941560867
909.9677662612194,5,22.684681730264135,28.950845988988178,Waterfront,Victorian,Fair,318588.928768183
3109.7435768297196,4,26.517719686412804,8.20882747373332,Suburbs,Modern,Fair,580950.1415552545
2699.876220326064,5,0.8930946239159687,4.880308352105173,Rural,Colonial,Fair,603248.5918720678
2080.269338535778,5,39.83989139320138,13.138838027094122,Downtown,Ranch,Good,483840.5248042809
1064.152233757704,5,14.708398667173894,23.919794339944296,Downtown,Modern,Good,395813.6909051763
2127.3628628154474,4,45.591801747995554,17.882298663619196,Waterfront,Ranch,Poor,481948.86251290626
2078.3737811075275,4,48.375563180688886,20.74826998990909,Suburbs,Victorian,Good,410447.8645963121
1267.645048757041,5,9.272943733832717,6.501150597065639,Waterfront,Colonial,Poor,404637.01200953964
1971.3994529425272,2,23.10486453828303,18.949497597223925,Suburbs,Victorian,Good,361645.40379761154
1875.9627828729083,3,0.061591758321294376,10.381511452432738,Downtown,Colonial,Fair,430974.9777866933
2462.7952647409843,3,29.916363256121347,25.19479761268826,Rural,Ranch,Fair,404164.6383760941
2514.7528573426384,3,30.365322413133562,19.24966537431135,Suburbs,Victorian,Poor,386073.20418160973
922.3208263845202,4,12.376997780168757,6.766832055483581,Downtown,Victorian,Good,393887.4493708261
1811.4540594914722,4,27.920633629159898,2.873883715478498,Waterfront,Ranch,Fair,528272.9448115323
2489.821772428438,2,11.277007122186772,2.236363069323949,Suburbs,Victorian,Good,572770.5076252178
2158.467898166237,3,8.041273453909504,11.770848461854081,Rural,Modern,Excellent,539344.5922952718
3112.5225712084703,3,32.57597334011324,8.70968296297509,Waterfront,Colonial,Fair,670265.5074983216
2578.4728053711515,5,16.296273197603746,19.736613580412733,Waterfront,Colonial,Fair,611346.9598239064
1239.9229531198603,4,29.513196944281123,15.48068121437993,Downtown,Colonial,Poor,318792.23061047547
990.5356179811606,3,21.66233744858278,8.714559062156042,Suburbs,Modern,Good,302903.2387667121
2534.532051157052,2,49.2175703701452,5.327895560555108,Waterfront,Colonial,Good,572973.7265567657
871.5805384623789,2,7.479032133378288,4.688793117936038,Rural,Ranch,Excellent,237165.42412887773
2381.5940694383507,3,23.229929831790507,26.075151372072114,Suburbs,Victorian,Good,405341.41102035914
3338.6216518473857,4,34.022831317966265,8.06086108374115,Rural,Modern,Good,636114.8709643923
2353.780280264873,2,19.777254193998434,19.89960878941808,Waterfront,Colonial,Fair,530115.0943518225
1848.058800757609,5,48.73499259353449,24.50989191160172,Rural,Ranch,Good,350129.19250889414
2536.8781897943536,2,36.094381396346755,18.808358024357346,Downtown,Victorian,Poor,514511.64359370136
2037.282804327095,1,32.849192878224656,25.927391717761427,Rural,Victorian,Poor,296707.6798592951
2273.1653311530245,1,37.852963380561164,12.379417924325761,Suburbs,Modern,Fair,434945.5914707949
3341.954983696618,4,47.63243190193585,28.7304435288195,Rural,Modern,Poor,484635.9988373769
1842.4771220620905,3,45.390932649232006,4.8612051211648115,Rural,Modern,Fair,300069.2457518538
3395.2145223245684,4,36.21426540632059,3.962336360068605,Downtown,Ranch,Good,680585.5402835844
3244.446733281372,4,37.45808195506415,20.10207224001586,Rural,Ranch,Good,570155.9318997767
1328.6360639311004,4,7.296103701757273,28.34210310098459,Rural,Modern,Good,356625.34856403794
987.2755123629468,4,5.139620224633284,24.457620387453513,Waterfront,Colonial,Good,355849.20084232645
1072.100603719052,5,28.545225092208216,3.2160889237034915,Waterfront,Victorian,Fair,447497.1430200853
849.1989292591843,5,0.918381847027,9.101663704106775,Suburbs,Victorian,Good,379089.8689385349
1054.9959940410067,2,24.11781907757958,27.979247660296885,Waterfront,Ranch,Fair,296572.7215735433
2644.1182882241633,1,10.51747899594343,8.338694551222751,Waterfront,Victorian,Fair,624731.0349267493
992.2093508426183,4,17.300828382241978,23.65394228982066,Waterfront,Colonial,Excellent,433235.4380007727
1661.2342017931555,2,38.7902367896478,24.92883368193241,Waterfront,Victorian,Poor,377737.5468112524
3081.1633396175275,1,47.06187521161932,15.368111000368472,Downtown,Ranch,Good,517702.6545553429
862.8342264867298,3,3.620813607317075,12.204118385601149,Waterfront,Ranch,Good,414221.5734430347
2999.0649029901265,5,26.712110298822257,14.053608540173029,Downtown,Colonial,Fair,583592.8350079389
1561.0078918881798,1,44.12667429098,7.581976136595561,Downtown,Colonial,Excellent,333534.890759093
1119.0450345784718,3,4.125426722021064,26.792336567736484,Waterfront,Victorian,Fair,367380.6809883743
2681.1903464832067,1,41.22570234484169,14.06797004516298,Rural,Victorian,Good,395612.5465869459
2498.145686305687,5,17.89006754641357,26.591323773226893,Downtown,Ranch,Good,563570.5525854484
3169.174436523043,5,16.104735110966768,4.065110917281949,Rural,Colonial,Poor,566648.0438313066
2784.6918182704917,2,48.87331931573929,29.659982859003808,Rural,Colonial,Good,370312.4671959054
2969.398512039091,4,10.042954493114708,13.85491953586493,Waterfront,Colonial,Good,756374.749510699
1561.4933459425274,1,34.659697041134045,2.3870937914290584,Suburbs,Victorian,Good,364783.05366225884
1279.0867682052517,1,41.072036400493324,2.1026335988861926,Waterfront,Colonial,Poor,275474.35895413626
2826.6598294303176,3,2.0591747639635836,22.64001046697332,Suburbs,Ranch,Good,543776.2372801864
2978.453796021613,5,33.51927291772061,20.112030491906744,Suburbs,Ranch,Good,603379.0577102794
3474.363883401818,1,47.577498717766346,24.261786185700036,Waterfront,Victorian,Excellent,688129.9577649655
1914.0677276608515,5,6.210998336402968,4.055658484631373,Waterfront,Modern,Excellent,705777.8256851626
1804.4488316405145,1,44.81106513425191,2.031555144030902,Suburbs,Victorian,Fair,362266.8277809198
2896.3149940033913,2,29.738831868846805,15.748799393979775,Waterfront,Modern,Fair,655421.6417175239
1720.1695586831481,4,30.8302290931237,12.240261713000317,Suburbs,Colonial,Good,453127.98444596684
3313.0447791296247,1,30.647208743280295,14.396461163457717,Rural,Victorian,Fair,482183.8181848119
3117.7144299761317,5,14.941794316865693,29.756063857237947,Waterfront,Ranch,Good,661211.4918749905
1958.2838739125496,2,46.760090764972986,29.151748772449434,Rural,Colonial,Poor,157974.5198265242
2827.351883037043,1,47.367523131551934,28.327146300522593,Downtown,Ranch,Poor,380508.74466037826
2837.2657600286425,3,31.26523301069739,23.73143762626254,Rural,Colonial,Good,489846.4067495875
1078.434445857018,4,39.171136297080736,11.290399447449822,Rural,Victorian,Fair,188599.65854814643
3236.89284803483,1,30.6128992940579,12.951796977620376,Suburbs,Modern,Fair,603853.5528625657
2164.1814056092144,2,24.21992237870203,16.93886526784881,Rural,Colonial,Good,376424.5703782638
3031.4351584909023,3,33.04100591496253,25.085499235740357,Waterfront,Modern,Good,645106.8634401615
1664.1339227826518,2,27.650072629597922,2.992672143029765,Suburbs,Colonial,Good,322800.82803207694
3217.912716939741,2,29.873793131596504,13.304609690661756,Downtown,Ranch,Fair,527198.377391503
1850.8445325822404,3,39.1916276709431,3.395912240318792,Waterfront,Ranch,Poor,414080.0855774757
829.2616589968055,2,24.04519157244924,15.925070010631835,Downtown,Colonial,Fair,213449.1204004272
3244.531336332012,3,2.037705304623638,27.068123896180825,Rural,Modern,Fair,616781.8074539255
1046.4740273225607,1,8.199974049474863,23.692062812354198,Waterfront,Victorian,Fair,368467.6139280189
1662.14682149412,3,21.930360824476917,7.607430108750189,Waterfront,Victorian,Fair,462470.7736865046
3365.1673110371735,3,36.24132799370292,29.303734638364983,Downtown,Ranch,Fair,561641.1952542403
3366.6392967314014,4,29.66393241550894,20.353161543346424,Waterfront,Victorian,Good,794154.9331244201
2348.2822979328726,3,32.514709293672695,1.302403282524689,Waterfront,Ranch,Good,654523.2388859126
2505.960472858458,3,23.963946428814364,8.406991055871366,Waterfront,Victorian,Fair,598313.024556918
2010.8029093414634,1,30.787101097112142,8.56068569767758,Rural,Colonial,Excellent,418112.8300051125
1591.6690835847742,4,16.45087189073311,3.008374882289938,Downtown,Ranch,Fair,458522.1551160148
1687.394272498773,5,23.509129634833254,28.834969024201943,Waterfront,Ranch,Good,419373.81683719205
2615.7998314080037,1,37.21395327974778,14.86940354270179,Suburbs,Colonial,Good,432961.64490880875
2831.411229481736,1,43.59163894865606,26.97862332378458,Suburbs,Ranch,Fair,458193.0985862924
2937.263418059791,5,21.682766697819446,10.344249599894223,Suburbs,Victorian,Good,622160.14721002
2931.9689855452957,3,2.1830828853680595,4.631773542551986,Suburbs,Victorian,Good,568665.3204923692
1046.256478231464,2,8.083627207340133,14.755747187280203,Rural,Ranch,Good,242875.12144659707
2134.93482269697,4,1.043056964576905,4.304742406715198,Waterfront,Victorian,Fair,658978.647228722
955.4086520449396,2,32.663150961866506,15.094449586348658,Downtown,Modern,Excellent,352896.96022798883
2283.727982274086,5,16.615731267755447,27.688618255362826,Waterfront,Ranch,Poor,522722.7984435326
1992.132353708118,1,27.123931785968374,16.10227611319217,Rural,Colonial,Good,359411.82107437646
3196.8012934474095,1,24.66384233918998,18.87849207995742,Suburbs,Modern,Poor,517908.9095558908
1747.4705338906124,4,4.076324477621335,5.542514672240441,Rural,Ranch,Poor,331758.5975191966
1116.0809443545359,1,20.16306805619159,2.268333150519115,Waterfront,Colonial,Good,409884.235367868
1186.0775415426567,1,11.028056246116163,4.213430903214404,Downtown,Victorian,Good,393548.59371741937
2856.078705637175,4,20.919989433382636,18.357415694846605,Rural,Colonial,Good,513121.8844896804
2469.188770953905,4,10.178914017112135,3.755339270776835,Downtown,Modern,Fair,611609.1654770048
1073.0312255315337,5,42.02262031384667,11.903793808298031,Rural,Victorian,Excellent,283741.67773852043
1027.0883765104932,1,8.709666828912683,16.952666273286525,Downtown,Ranch,Excellent,363294.5313013175
2692.616654939624,1,48.03902757434885,12.270931160265564,Downtown,Victorian,Excellent,573978.6080248383
996.4601171833225,5,20.79536830734704,5.746830242493743,Suburbs,Ranch,Good,285557.5392362593
3019.022160083962,3,42.31226460095247,8.93994791790909,Downtown,Ranch,Good,574734.0815443831
2706.8540133225397,3,31.438240910297253,27.92120845260873,Suburbs,Colonial,Fair,427180.3909961437
1019.6417077331294,3,36.76751493328763,20.603485992004305,Waterfront,Colonial,Poor,246571.378249096
1029.0618280300182,5,38.38619440333901,15.38538732171671,Waterfront,Colonial,Good,395551.88276030833
3463.9268619531736,1,25.24224409465089,1.368731809619912,Suburbs,Modern,Good,687991.8695211003
1810.5311485415248,5,27.16502616816442,29.780046614194635,Suburbs,Modern,Good,417981.65598597156
1800.7337970806054,5,25.69979339043625,20.472193111944655,Rural,Colonial,Fair,300272.62422089215
2994.558831595257,3,29.40291890450396,10.190751843003403,Rural,Modern,Poor,445009.1666989519
3357.5711589364187,2,1.4697222878253646,26.498791139937307,Rural,Victorian,Fair,499689.4061981266
3462.2028723217513,1,19.775758492450763,8.494516988462724,Waterfront,Victorian,Poor,716983.6492987338
2834.1211001991423,3,30.309435678058577,16.776480796299797,Rural,Modern,Excellent,577177.2135795366
1815.9008809334725,2,29.886178262793216,19.446052148164927,Downtown,Modern,Fair,407434.4853604722
1025.4519350864057,2,39.64780473028158,7.410837772158125,Downtown,Victorian,Fair,276323.85274781066
2898.2966730040794,4,32.750466941605424,29.37352108521728,Rural,Ranch,Good,467560.0259129546
2307.691474286674,1,49.606665817033615,22.69756527339093,Downtown,Victorian,Poor,382918.3948973247
1945.399424966836,2,14.19272643043225,17.176583539821028,Waterfront,Victorian,Excellent,595233.2914367402
3247.156839755787,3,17.957551483311573,6.237243347083726,Downtown,Modern,Fair,718673.9734646772
1100.2332022266087,4,19.192357593389815,2.5618880029427578,Waterfront,Victorian,Good,484108.4563751813
2130.0877815853196,1,23.290640351012428,10.28173514310852,Suburbs,Modern,Good,458075.22889085434
830.6548408720315,5,41.79990318906047,22.842432741488683,Suburbs,Modern,Fair,223297.2073929051
2065.383733384141,3,11.789604697960494,8.810607650758726,Suburbs,Colonial,Good,439711.1912148052
952.0188443409609,2,38.800010351771476,16.647130394369647,Suburbs,Victorian,Good,223866.00689713497
1120.808373923794,2,20.26550915428717,22.110468125191552,Downtown,Ranch,Good,296585.97266362124
1117.320866298183,3,30.092769183100426,4.130367724747466,Rural,Colonial,Fair,224951.03836131457
2552.867815713372,2,31.627026661315305,20.873642467360327,Downtown,Modern,Excellent,573862.6252322046
2814.321174016643,4,18.642431859446724,3.6642557435912964,Waterfront,Modern,Good,712225.0038476029
2375.095665762331,1,25.63076026029026,28.9887625216829,Downtown,Ranch,Poor,382128.82817134185
3397.8658808812634,4,20.65155873238485,15.163429771883248,Downtown,Modern,Fair,717913.3275497565
1812.150564714001,2,3.4566393093309724,5.369607123586444,Waterfront,Victorian,Good,628111.1995752461
1571.422632961024,5,21.858269440841326,10.929125444972849,Suburbs,Colonial,Fair,367462.7596252143
3145.2176461115428,1,4.869669627677609,12.989077029562582,Suburbs,Modern,Fair,608119.9315984331
1403.7087640025222,1,20.251039954016075,22.987365321219585,Suburbs,Modern,Fair,255701.25344038292
3400.7008564896505,3,29.645919991589093,22.55928979622167,Rural,Ranch,Good,592895.9551824362
832.8170816625042,3,28.970744967175037,18.7462746547826,Waterfront,Victorian,Good,363177.2376568985
3418.672832110625,5,33.13106395041602,4.071990664196296,Waterfront,Modern,Good,835124.0201379366
916.5317622665555,1,4.763075397731314,5.395511776042534,Downtown,Ranch,Good,319145.39227102755
3206.086406984792,5,32.60616227652189,3.7189506987211423,Rural,Modern,Good,640004.6974054656
2224.7929945330097,3,15.607402834822354,17.73801071533895,Suburbs,Ranch,Excellent,514938.1133858153
3481.004949522111,3,19.952297306855556,26.437014803830714,Rural,Ranch,Fair,497291.8847233557
999.250724785577,1,42.89931269613529,13.580214855388382,Waterfront,Victorian,Good,387111.2945341643
2295.406567883566,4,0.45152020647751256,5.66459704477464,Waterfront,Modern,Good,748639.9473614071
3417.116846171567,2,29.42063166703027,17.183227429320045,Downtown,Victorian,Fair,611554.7348977018
2212.3641792594017,3,29.93569900500538,24.540814289105587,Downtown,Ranch,Good,417444.8490353914
2499.376322965209,3,19.832988817178098,22.50964978387497,Waterfront,Colonial,Excellent,562255.3418081378
2678.5214602584665,4,11.851392855416808,26.56207261057562,Suburbs,Modern,Fair,490846.79932168266
2027.2608748729876,4,11.733701913077555,9.059160820217167,Suburbs,Colonial,Excellent,535341.5897306277
2494.4068162269714,5,44.18548348303763,6.624662150765471,Rural,Modern,Fair,480376.32478269376
2377.6486421923705,5,22.101218689142875,26.514678092316224,Waterfront,Victorian,Fair,582710.4316328039
3233.12662832567,2,16.544468149458595,20.06924907056267,Waterfront,Victorian,Good,666304.9216785204
922.7052269219363,2,22.438878691570153,10.016938970219071,Suburbs,Victorian,Fair,231602.74114141296
1558.600611899022,1,33.469520072968066,22.528093466602765,Suburbs,Victorian,Good,345284.9554275713
3366.1110070067084,5,7.287828412237585,24.63843314993067,Waterfront,Victorian,Good,788544.8726171585
3203.712216505474,3,22.471691760686884,18.83436896989284,Downtown,Colonial,Excellent,625941.5000060492
2030.273232521425,5,29.39421855551935,20.94863918651754,Waterfront,Victorian,Good,554558.5602823354
2474.3580140641493,3,47.429167742571686,11.882537228837323,Waterfront,Ranch,Poor,462517.23238700954
1548.9291940490582,4,12.626389103770963,16.622174352948132,Suburbs,Ranch,Good,387230.44963933434
1307.9271312541555,5,17.962537395812276,16.200615951058705,Suburbs,Colonial,Good,347278.5084099541
2051.985693337952,4,18.96792949612119,25.593385942792384,Downtown,Modern,Good,519380.73710254196
1754.0510156703426,2,30.276907882244142,25.358955428183293,Downtown,Ranch,Good,319939.26149855985
2375.8715019973547,2,17.83660265200008,25.147733611064254,Rural,Modern,Excellent,471802.8221024572
1009.8835198054591,1,26.67559626498478,1.319916813611508,Waterfront,Colonial,Good,411884.61524198804
3430.8659806986493,5,39.08951649225147,22.73681904959776,Suburbs,Modern,Fair,572612.0053384367
3462.7690100949276,4,35.26927970561018,23.00161531321914,Downtown,Modern,Good,659778.585682162
